ticker,company_name
AEP,American Electric Power Company Inc.
VIST,"Vista Energy, S.A.B. de C.V."
VST,Vistra Corp.
ETR,Entergy Corporation
CMG,"Chipotle Mexican Grill, Inc."
DIS,The Walt Disney Company
FIX,"Comfort Systems USA, Inc."
STX,Seagate Technology Holdings plc
VLO,Valero Energy Corporation
CF,"CF Industries Holdings, Inc."
LNN,Lindsay Corporation
NTR,Nutrien Ltd.
ASND,Ascendis Pharma A/S
WDC,Western Digital Corporation
NET,"Cloudflare, Inc."
CRWV,"CoreWeave, Inc."
DOCN,"DigitalOcean Holdings, Inc."
ABBV,AbbVie Inc
AVGO,Broadcom
MA,Mastercard
MU,"Micron Technology, Inc."
NEM,Newmont Corporation
PGR,The Progressive Corporation
ORKA,"Oruka Therapeutics, Inc."
RDDT,"Reddit, Inc."
F,Ford Motor Company
HPE,Hewlett Packard Enterprise Company
PG,The Procter & Gamble Company
NFLX,"Netflix, Inc."
BA,The Boeing Company
AMD,"Advanced Micro Devices, Inc."
HII,"Huntington Ingalls Industries, Inc."
LLY,Eli Lilly and Company
NOK,Nokia Oyj
SOLS,"Solstice Advanced Materials, Inc."
GOOGL,Alphabet Inc.
MSFT,Microsoft Corporation
COST,Costco Wholesale Corporation
HD,"The Home Depot, Inc."
BRK.B,Berkshire Hathaway Inc.
JNJ,Johnson & Johnson
KO,The Coca-Cola Company
