ticker,company_name,first_date,last_date,observations
AEP,American Electric Power Company Inc.,2019-12-30,2026-09-21,352
VIST,"Vista Energy, S.A.B. de C.V.",2019-12-30,2026-09-21,352
VST,Vistra Corp.,2019-12-30,2026-09-21,352
ETR,Entergy Corporation,2019-12-30,2026-09-21,352
CMG,"Chipotle Mexican Grill, Inc.",2019-12-30,2026-09-21,352
DIS,The Walt Disney Company,2019-12-30,2026-09-21,352
FIX,"Comfort Systems USA, Inc.",2019-12-30,2026-09-21,352
STX,Seagate Technology Holdings plc,2019-12-30,2026-09-21,352
VLO,Valero Energy Corporation,2019-12-30,2026-09-21,352
CF,"CF Industries Holdings, Inc.",2019-12-30,2026-09-21,352
LNN,Lindsay Corporation,2019-12-30,2026-09-21,352
NTR,Nutrien Ltd.,2019-12-30,2026-09-21,352
ASND,Ascendis Pharma A/S,2019-12-30,2026-09-21,352
WDC,Western Digital Corporation,2019-12-30,2026-09-21,352
NET,"Cloudflare, Inc.",2019-12-30,2026-09-21,352
CRWV,"CoreWeave, Inc.",2025-03-24,2026-09-21,79
DOCN,"DigitalOcean Holdings, Inc.",2021-03-22,2026-09-21,288
ABBV,AbbVie Inc,2019-12-30,2026-09-21,352
AVGO,Broadcom,2019-12-30,2026-09-21,352
MA,Mastercard,2019-12-30,2026-09-21,352
MU,"Micron Technology, Inc.",2019-12-30,2026-09-21,352
NEM,Newmont Corporation,2019-12-30,2026-09-21,352
PGR,The Progressive Corporation,2019-12-30,2026-09-21,352
ORKA,"Oruka Therapeutics, Inc.",2019-12-30,2026-09-21,352
RDDT,"Reddit, Inc.",2024-03-18,2026-09-21,132
F,Ford Motor Company,2019-12-30,2026-09-21,352
HPE,Hewlett Packard Enterprise Company,2019-12-30,2026-09-21,352
PG,The Procter & Gamble Company,2019-12-30,2026-09-21,352
NFLX,"Netflix, Inc.",2019-12-30,2026-09-21,352
BA,The Boeing Company,2019-12-30,2026-09-21,352
AMD,"Advanced Micro Devices, Inc.",2019-12-30,2026-09-21,352
HII,"Huntington Ingalls Industries, Inc.",2019-12-30,2026-09-21,352
LLY,Eli Lilly and Company,2019-12-30,2026-09-21,352
NOK,Nokia Oyj,2019-12-30,2026-09-21,352
WELL,Welltower Inc.,2019-12-30,2026-09-21,352
GOOGL,Alphabet Inc.,2019-12-30,2026-09-21,352
MSFT,Microsoft Corporation,2019-12-30,2026-09-21,352
COST,Costco Wholesale Corporation,2019-12-30,2026-09-21,352
HD,"The Home Depot, Inc.",2019-12-30,2026-09-21,352
BRK.B,Berkshire Hathaway Inc.,2019-12-30,2026-09-21,352
JNJ,Johnson & Johnson,2019-12-30,2026-09-21,352
KO,The Coca-Cola Company,2019-12-30,2026-09-21,352
SPY,,2019-12-30,2026-09-21,352
XLC,,2019-12-30,2026-09-21,352
XLY,,2019-12-30,2026-09-21,352
XLP,,2019-12-30,2026-09-21,352
XLE,,2019-12-30,2026-09-21,352
XLF,,2019-12-30,2026-09-21,352
XLV,,2019-12-30,2026-09-21,352
XLI,,2019-12-30,2026-09-21,352
XLB,,2019-12-30,2026-09-21,352
XLRE,,2019-12-30,2026-09-21,352
XLK,,2019-12-30,2026-09-21,352
XLU,,2019-12-30,2026-09-21,352
MXNUSD=X,MXN/USD exchange rate,2019-12-30,2026-09-21,352
SGDUSD=X,SGD/USD exchange rate,2019-12-30,2026-09-21,352
CADUSD=X,CAD/USD exchange rate,2019-12-30,2026-09-21,352
DKKUSD=X,DKK/USD exchange rate,2019-12-30,2026-09-21,352
EURUSD=X,EUR/USD exchange rate,2019-12-30,2026-09-21,352
